id,age_range,region,sector,annual_spend_range
8f4f849b0938,20-29,Antioquia,Negocios y finanzas,2000000-2999999
c4a7488f9352,60-69,Antioquia,Negocios y finanzas,4000000-4999999
1a3c599792f2,20-29,Centro,Negocios y finanzas,3000000-3999999
7cd59243d0f2,30-39,Antioquia,Negocios y finanzas,3000000-3999999
15d5720fcf4c,40-49,Antioquia,Tecnología e ingeniería,3000000-3999999
e4ada97d6896,20-29,Centro,Salud y educación,3000000-3999999
9a58dc084657,50-59,Centro,Negocios y finanzas,3000000-3999999
6cd410199f48,20-29,Centro,Tecnología e ingeniería,2000000-2999999
cd025b93b785,60-69,Centro,Salud y educación,3000000-3999999
9e986e435f23,50-59,Antioquia,Salud y educación,5000000-5999999
39f6848fa248,20-29,Antioquia,Tecnología e ingeniería,2000000-2999999
86aceb029caa,50-59,Antioquia,Negocios y finanzas,7000000-7999999
2fc2f67a0a20,40-49,Antioquia,Negocios y finanzas,4000000-4999999
ec5aba9d78ab,30-39,Centro,Tecnología e ingeniería,8000000-8999999
dd9d37948637,40-49,Antioquia,Tecnología e ingeniería,5000000-5999999
fb0f5fa039b1,30-39,Caribe,Negocios y finanzas,3000000-3999999
c689b01fe955,40-49,Centro,Salud y educación,5000000-5999999
97a80a4e94a6,50-59,Antioquia,Salud y educación,5000000-5999999
1e27786e37cf,20-29,Eje Cafetero,Negocios y finanzas,3000000-3999999
68637d14b90a,50-59,Caribe,Negocios y finanzas,4000000-4999999
f3d450c6f27d,30-39,Antioquia,Tecnología e ingeniería,2000000-2999999
a168a438f7b2,40-49,Antioquia,Tecnología e ingeniería,1000000-1999999
f5bf4acdf60a,40-49,Antioquia,Salud y educación,2000000-2999999
fd511444b52d,60-69,Antioquia,Tecnología e ingeniería,4000000-4999999
cb37917c993b,20-29,Centro,Negocios y finanzas,4000000-4999999
4933380e8ef5,50-59,Antioquia,Tecnología e ingeniería,4000000-4999999
1eaf8ab493b2,40-49,Antioquia,Salud y educación,5000000-5999999
45a9c5327531,60-69,Antioquia,Salud y educación,7000000-7999999
64ca702162d3,50-59,Pacífico,Negocios y finanzas,5000000-5999999
2afa235ccc63,60-69,Pacífico,Negocios y finanzas,6000000-6999999
7bdd3378bc69,40-49,Antioquia,Tecnología e ingeniería,2000000-2999999
327efd60f98e,40-49,Antioquia,Negocios y finanzas,4000000-4999999
1787f74098b8,60-69,Antioquia,Tecnología e ingeniería,8000000-8999999
d5379ea3886d,50-59,Antioquia,Tecnología e ingeniería,5000000-5999999
6ebee65ae96d,30-39,Centro,Negocios y finanzas,3000000-3999999
56bf919153ea,40-49,Centro,Salud y educación,3000000-3999999
c6994cad60f4,40-49,Caribe,Negocios y finanzas,4000000-4999999
1d2a28650f9e,30-39,Antioquia,Negocios y finanzas,3000000-3999999
2940d49a308e,30-39,Antioquia,Negocios y finanzas,2000000-2999999
4b531481426b,50-59,Caribe,Negocios y finanzas,2000000-2999999
0251eb8e1f4e,30-39,Antioquia,Negocios y finanzas,2000000-2999999
14b505712f3e,50-59,Antioquia,Tecnología e ingeniería,2000000-2999999
fa7b0d232e8b,40-49,Antioquia,Negocios y finanzas,3000000-3999999
ce1b41898d8c,30-39,Antioquia,Tecnología e ingeniería,4000000-4999999
01ace4acc99b,40-49,Antioquia,Salud y educación,2000000-2999999
9afb7db173cc,60-69,Caribe,Negocios y finanzas,4000000-4999999
c69f50016902,50-59,Caribe,Salud y educación,2000000-2999999
ad16ca4372c2,30-39,Antioquia,Negocios y finanzas,3000000-3999999
ad38fbb2c17f,40-49,Antioquia,Negocios y finanzas,4000000-4999999
32f9ce3d0d18,40-49,Centro,Salud y educación,3000000-3999999
29eb5a732c2e,20-29,Centro,Salud y educación,2000000-2999999
b436f13e6d63,30-39,Antioquia,Salud y educación,2000000-2999999
6ae163086873,60-69,Antioquia,Salud y educación,7000000-7999999
55bf612fa797,40-49,Antioquia,Tecnología e ingeniería,3000000-3999999
7c1eb340d2ce,20-29,Antioquia,Tecnología e ingeniería,4000000-4999999
2222e8a4a285,40-49,Centro,Salud y educación,3000000-3999999
9c644343b0a1,60-69,Antioquia,Negocios y finanzas,7000000-7999999
b3eac4bcf572,50-59,Antioquia,Salud y educación,2000000-2999999
5f9120df8d62,20-29,Eje Cafetero,Negocios y finanzas,2000000-2999999
16ac7bd8c387,30-39,Antioquia,Negocios y finanzas,2000000-2999999
ccd22dd17c7b,40-49,Antioquia,Tecnología e ingeniería,3000000-3999999
07390bdafc03,40-49,Antioquia,Negocios y finanzas,5000000-5999999
6215a4a1dead,30-39,Caribe,Tecnología e ingeniería,4000000-4999999
d186c3fd6547,30-39,Antioquia,Negocios y finanzas,2000000-2999999
9fb080d8a3f6,40-49,Antioquia,Negocios y finanzas,3000000-3999999
87ab3bd12c0b,30-39,Antioquia,Negocios y finanzas,3000000-3999999
ccad06fd7682,20-29,Caribe,Salud y educación,1000000-1999999
fa4cd67fd216,40-49,Antioquia,Negocios y finanzas,3000000-3999999
7713946c6f35,20-29,Eje Cafetero,Negocios y finanzas,2000000-2999999
4b279e1b6bbf,40-49,Centro,Negocios y finanzas,3000000-3999999
9d3f5acd334e,60-69,Centro,Negocios y finanzas,5000000-5999999
4bbfe0f29c28,40-49,Antioquia,Negocios y finanzas,3000000-3999999
c0fbd03d043e,20-29,Eje Cafetero,Negocios y finanzas,2000000-2999999
2380849a1f18,40-49,Pacífico,Negocios y finanzas,4000000-4999999
c190a7528268,20-29,Antioquia,Tecnología e ingeniería,2000000-2999999
7af93f9bf9c6,60-69,Pacífico,Negocios y finanzas,2000000-2999999
1957a95ff7c4,50-59,Antioquia,Negocios y finanzas,3000000-3999999
853b78ab96aa,40-49,Pacífico,Negocios y finanzas,2000000-2999999
81d46a25f755,30-39,Antioquia,Negocios y finanzas,5000000-5999999
85021ee192ce,30-39,Antioquia,Tecnología e ingeniería,3000000-3999999
d268b85419f8,20-29,Antioquia,Tecnología e ingeniería,4000000-4999999
5a2ade182a0f,60-69,Centro,Negocios y finanzas,5000000-5999999
26e27e476682,50-59,Antioquia,Negocios y finanzas,2000000-2999999
f05e88b12f86,30-39,Antioquia,Salud y educación,3000000-3999999
566d16e8d8fe,50-59,Pacífico,Negocios y finanzas,3000000-3999999
f0e03e83db10,60-69,Caribe,Negocios y finanzas,4000000-4999999
7d7f683a7710,60-69,Antioquia,Salud y educación,3000000-3999999
2e19fee7eafc,40-49,Antioquia,Salud y educación,2000000-2999999
b0a16a75e9e8,60-69,Caribe,Negocios y finanzas,4000000-4999999
50d59ff8905e,40-49,Antioquia,Negocios y finanzas,5000000-5999999
f7dd062d1717,60-69,Antioquia,Tecnología e ingeniería,3000000-3999999
0013712bb9bf,20-29,Centro,Salud y educación,2000000-2999999
f543b125482d,40-49,Antioquia,Tecnología e ingeniería,3000000-3999999
beb19733cf46,40-49,Antioquia,Salud y educación,3000000-3999999
285b2bc669d3,20-29,Caribe,Negocios y finanzas,1000000-1999999
c0d942e871ec,40-49,Centro,Tecnología e ingeniería,5000000-5999999
1504272c2627,20-29,Eje Cafetero,Negocios y finanzas,3000000-3999999
2191dc06d572,50-59,Antioquia,Tecnología e ingeniería,5000000-5999999
a9a826252ee8,60-69,Antioquia,Tecnología e ingeniería,3000000-3999999
50dcd3e10034,40-49,Caribe,Negocios y finanzas,2000000-2999999
0ff36d732d09,40-49,Antioquia,Negocios y finanzas,2000000-2999999
65a9bc2b5fb8,50-59,Centro,Salud y educación,2000000-2999999
68ee881b34c7,60-69,Antioquia,Salud y educación,4000000-4999999
982e50ae48a1,30-39,Antioquia,Tecnología e ingeniería,5000000-5999999
a41d466878a4,30-39,Antioquia,Salud y educación,3000000-3999999
e02102be4194,40-49,Eje Cafetero,Tecnología e ingeniería,2000000-2999999
26523ccf79c2,50-59,Caribe,Negocios y finanzas,2000000-2999999
96182a6e081a,40-49,Caribe,Negocios y finanzas,5000000-5999999
c584677abb17,40-49,Antioquia,Negocios y finanzas,3000000-3999999
d309ff7991e8,30-39,Antioquia,Tecnología e ingeniería,3000000-3999999
0a8242fc6862,20-29,Centro,Salud y educación,2000000-2999999
cd6c6749f8f5,30-39,Antioquia,Salud y educación,1000000-1999999
8651de61d604,30-39,Antioquia,Salud y educación,4000000-4999999
c9a549036135,50-59,Antioquia,Salud y educación,6000000-6999999
a5cf45dc0fd6,40-49,Centro,Negocios y finanzas,4000000-4999999
db388b948f71,40-49,Antioquia,Negocios y finanzas,3000000-3999999
29066d81a671,20-29,Antioquia,Tecnología e ingeniería,3000000-3999999
3348ee6fdfc0,20-29,Caribe,Negocios y finanzas,4000000-4999999
71ce101389c5,20-29,Antioquia,Salud y educación,2000000-2999999
3a05502a0781,60-69,Antioquia,Negocios y finanzas,2000000-2999999
c07af84a16cf,50-59,Caribe,Salud y educación,2000000-2999999
095138d039a9,40-49,Antioquia,Salud y educación,1000000-1999999
5090a5de4a23,60-69,Antioquia,Negocios y finanzas,2000000-2999999
6d42f3e14507,50-59,Pacífico,Negocios y finanzas,5000000-5999999
8300e0f2f8ca,30-39,Pacífico,Negocios y finanzas,2000000-2999999
79f67b69d091,20-29,Antioquia,Negocios y finanzas,3000000-3999999
395e0610b787,40-49,Antioquia,Tecnología e ingeniería,3000000-3999999
e7f9e5989219,60-69,Antioquia,Negocios y finanzas,3000000-3999999
b448740099c6,20-29,Antioquia,Negocios y finanzas,2000000-2999999
813ded97c59f,20-29,Centro,Negocios y finanzas,3000000-3999999
d0372b6fe77d,30-39,Caribe,Negocios y finanzas,1000000-1999999
d80a1572339f,40-49,Antioquia,Salud y educación,2000000-2999999
03b8a2f072fa,50-59,Antioquia,Negocios y finanzas,3000000-3999999
61cf2728a6f6,20-29,Antioquia,Salud y educación,2000000-2999999
55e0885a900a,50-59,Eje Cafetero,Negocios y finanzas,2000000-2999999
97008ab98981,20-29,Antioquia,Negocios y finanzas,1000000-1999999
13d4b33aeb3d,20-29,Antioquia,Salud y educación,1000000-1999999
594766745db3,50-59,Eje Cafetero,Negocios y finanzas,5000000-5999999
4a8f75e0c052,20-29,Antioquia,Negocios y finanzas,3000000-3999999
d02f78babd40,30-39,Centro,Negocios y finanzas,2000000-2999999
23739d710df1,50-59,Caribe,Salud y educación,3000000-3999999
bb6a5973e5ac,20-29,Antioquia,Negocios y finanzas,2000000-2999999
270bbf730907,30-39,Caribe,Negocios y finanzas,3000000-3999999
a3bb96005e01,50-59,Caribe,Tecnología e ingeniería,3000000-3999999
373674886e70,20-29,Caribe,Salud y educación,4000000-4999999
a70dd71d249b,50-59,Caribe,Salud y educación,4000000-4999999
26850b4ad8d9,40-49,Centro,Tecnología e ingeniería,1000000-1999999
f914365e9112,60-69,Centro,Negocios y finanzas,4000000-4999999
f084d50564bd,30-39,Antioquia,Salud y educación,4000000-4999999
b655de3297bd,20-29,Caribe,Negocios y finanzas,2000000-2999999
09227bc8e818,20-29,Antioquia,Negocios y finanzas,2000000-2999999
c0353205e546,20-29,Centro,Negocios y finanzas,3000000-3999999
128e8c8fb56f,20-29,Antioquia,Salud y educación,3000000-3999999
cb44fb1aa38f,60-69,Antioquia,Negocios y finanzas,9000000-9999999
d804075f3cba,60-69,Centro,Salud y educación,5000000-5999999
68c324720df5,20-29,Pacífico,Negocios y finanzas,3000000-3999999
20663128803d,40-49,Antioquia,Tecnología e ingeniería,2000000-2999999
ebd85f340b24,20-29,Eje Cafetero,Negocios y finanzas,4000000-4999999
37d2e4ed6c3f,40-49,Caribe,Negocios y finanzas,2000000-2999999
00f47353c7aa,60-69,Antioquia,Salud y educación,2000000-2999999
006a98540579,50-59,Antioquia,Negocios y finanzas,4000000-4999999
03126b5ab28c,50-59,Antioquia,Tecnología e ingeniería,4000000-4999999
ee5fb7ee4ddf,20-29,Antioquia,Negocios y finanzas,2000000-2999999
11370d3dc4ee,30-39,Antioquia,Tecnología e ingeniería,5000000-5999999
ff232337208c,60-69,Antioquia,Salud y educación,4000000-4999999
ffffec247fa9,40-49,Pacífico,Negocios y finanzas,4000000-4999999
75beb93484c7,50-59,Centro,Salud y educación,3000000-3999999
ac75306d2fb8,30-39,Centro,Tecnología e ingeniería,2000000-2999999
1bd6c5c872c8,60-69,Antioquia,Salud y educación,4000000-4999999
0be24896d3c5,50-59,Antioquia,Tecnología e ingeniería,3000000-3999999
d3a94ff49c31,50-59,Antioquia,Salud y educación,3000000-3999999
d15301715788,20-29,Caribe,Salud y educación,2000000-2999999
911df1e77eb2,20-29,Antioquia,Negocios y finanzas,3000000-3999999
b5538e88b17f,40-49,Antioquia,Salud y educación,4000000-4999999
640f06736596,40-49,Antioquia,Negocios y finanzas,3000000-3999999
7fe086c1e6a3,20-29,Caribe,Negocios y finanzas,2000000-2999999
ca5d24be959d,60-69,Antioquia,Negocios y finanzas,3000000-3999999
d894878ea0b3,30-39,Antioquia,Salud y educación,1000000-1999999
e0e564e85075,30-39,Pacífico,Negocios y finanzas,4000000-4999999
15fff824c191,30-39,Antioquia,Negocios y finanzas,2000000-2999999
2a0775f807d4,40-49,Centro,Negocios y finanzas,4000000-4999999
5e7b9d44bca3,60-69,Antioquia,Negocios y finanzas,10000000-10999999
14f07b0ee28f,60-69,Antioquia,Tecnología e ingeniería,2000000-2999999
62ef454cfd73,40-49,Antioquia,Salud y educación,3000000-3999999
18961bfec8b5,50-59,Antioquia,Negocios y finanzas,3000000-3999999
59ec7e33bcfd,20-29,Centro,Salud y educación,1000000-1999999
fa1c36a5cc31,60-69,Pacífico,Negocios y finanzas,1000000-1999999
c00baf5d9270,50-59,Antioquia,Tecnología e ingeniería,3000000-3999999
0ab89fcac125,20-29,Antioquia,Salud y educación,2000000-2999999
e788959f806d,30-39,Antioquia,Salud y educación,3000000-3999999
9ffda02e51a3,50-59,Caribe,Tecnología e ingeniería,2000000-2999999
05b577140db6,60-69,Antioquia,Negocios y finanzas,5000000-5999999
0ae156d5c9bd,30-39,Caribe,Tecnología e ingeniería,2000000-2999999
3666669a18e1,60-69,Antioquia,Negocios y finanzas,4000000-4999999
953e6e7f3d42,30-39,Antioquia,Salud y educación,2000000-2999999
cfd15f0d851a,30-39,Antioquia,Salud y educación,4000000-4999999
3abae940aa12,30-39,Caribe,Tecnología e ingeniería,2000000-2999999
8e0f62b4e586,20-29,Caribe,Negocios y finanzas,2000000-2999999
bf93980168ec,20-29,Antioquia,Negocios y finanzas,4000000-4999999
8ea59f26dbb7,40-49,Caribe,Negocios y finanzas,3000000-3999999
2c3de9dca0e9,50-59,Centro,Salud y educación,3000000-3999999
787b851ddddb,60-69,Centro,Negocios y finanzas,4000000-4999999
f4a2235eb53c,50-59,Antioquia,Negocios y finanzas,3000000-3999999
236c47bd7b2a,30-39,Antioquia,Negocios y finanzas,6000000-6999999
51c076657e0f,50-59,Centro,Negocios y finanzas,5000000-5999999
0b1b9dcf34f1,40-49,Centro,Salud y educación,4000000-4999999
ed7eebfa0bb1,40-49,Antioquia,Negocios y finanzas,4000000-4999999
aadb3b8810a4,30-39,Antioquia,Negocios y finanzas,2000000-2999999
a47d8122fc85,60-69,Antioquia,Negocios y finanzas,3000000-3999999
aa8a0edfef1a,30-39,Antioquia,Negocios y finanzas,4000000-4999999
a62d15faedcf,40-49,Centro,Tecnología e ingeniería,2000000-2999999
066f44ea594e,60-69,Antioquia,Salud y educación,6000000-6999999
39ad60a5b1ca,60-69,Antioquia,Salud y educación,4000000-4999999
f3c6519a98f6,60-69,Centro,Salud y educación,4000000-4999999
a49ba36fd9e3,30-39,Centro,Negocios y finanzas,2000000-2999999
29466f6f0933,60-69,Antioquia,Salud y educación,5000000-5999999
006b6cc013be,20-29,Centro,Negocios y finanzas,1000000-1999999
7e300a1b7086,30-39,Antioquia,Negocios y finanzas,4000000-4999999
404a41f4411b,50-59,Centro,Negocios y finanzas,4000000-4999999
8e015d825c5a,20-29,Caribe,Negocios y finanzas,2000000-2999999
cedbb5ab38f6,50-59,Eje Cafetero,Negocios y finanzas,3000000-3999999
777a43626e55,40-49,Centro,Tecnología e ingeniería,4000000-4999999
1e9c0b1ac60c,40-49,Eje Cafetero,Tecnología e ingeniería,2000000-2999999
97f7264a4bef,20-29,Antioquia,Salud y educación,3000000-3999999
6e6369a8e1c8,30-39,Caribe,Tecnología e ingeniería,3000000-3999999
bf4cca749874,20-29,Pacífico,Negocios y finanzas,3000000-3999999
67c9541fb253,50-59,Caribe,Negocios y finanzas,2000000-2999999
009c44e1b371,50-59,Centro,Negocios y finanzas,3000000-3999999
e063cbac5a0e,60-69,Antioquia,Tecnología e ingeniería,7000000-7999999
c0126e264bd7,50-59,Antioquia,Tecnología e ingeniería,5000000-5999999
75f3d0394db6,20-29,Antioquia,Tecnología e ingeniería,2000000-2999999
1ba32ddca479,30-39,Antioquia,Negocios y finanzas,4000000-4999999
66cd02bbc489,60-69,Centro,Salud y educación,3000000-3999999
6bcbc95ea56a,50-59,Caribe,Tecnología e ingeniería,3000000-3999999
0ad56b8d2f09,60-69,Centro,Salud y educación,3000000-3999999
e7c1e22c9f36,50-59,Antioquia,Negocios y finanzas,3000000-3999999
eafa85e30a23,20-29,Antioquia,Negocios y finanzas,3000000-3999999
34873e3db9dd,20-29,Antioquia,Salud y educación,2000000-2999999
695c0610fbd9,30-39,Centro,Tecnología e ingeniería,2000000-2999999
900bb3d3deaf,20-29,Antioquia,Tecnología e ingeniería,4000000-4999999
ea27bd7ee1b7,40-49,Antioquia,Negocios y finanzas,3000000-3999999
5a5b47e2181f,50-59,Antioquia,Negocios y finanzas,3000000-3999999
2cb63abfb5e2,30-39,Antioquia,Negocios y finanzas,5000000-5999999
17a9bacafb0d,60-69,Pacífico,Negocios y finanzas,2000000-2999999
6fe8f7b381b2,50-59,Eje Cafetero,Salud y educación,4000000-4999999
afde5b2baf2a,20-29,Centro,Salud y educación,3000000-3999999
6f3c1be349b0,50-59,Antioquia,Salud y educación,4000000-4999999
b3588c480b6b,50-59,Centro,Salud y educación,9000000-9999999
fe5cf45809d0,40-49,Centro,Tecnología e ingeniería,2000000-2999999
7f7d6c28141b,40-49,Eje Cafetero,Tecnología e ingeniería,1000000-1999999
e92ab0320405,60-69,Antioquia,Tecnología e ingeniería,4000000-4999999
db6da2acf376,50-59,Antioquia,Salud y educación,4000000-4999999
eb7c70e87d0c,20-29,Antioquia,Negocios y finanzas,3000000-3999999
f821d65576b4,50-59,Centro,Negocios y finanzas,5000000-5999999
8b76949cfd3e,50-59,Antioquia,Tecnología e ingeniería,4000000-4999999
0477512489b3,60-69,Centro,Negocios y finanzas,4000000-4999999
54fc9a26e8fe,50-59,Centro,Negocios y finanzas,3000000-3999999
a118783c012e,30-39,Centro,Negocios y finanzas,4000000-4999999
54298f277d9c,50-59,Antioquia,Negocios y finanzas,4000000-4999999
4dd9d056388b,50-59,Antioquia,Negocios y finanzas,4000000-4999999
db3c9e45fed2,60-69,Centro,Negocios y finanzas,7000000-7999999
c54980f420dc,50-59,Antioquia,Negocios y finanzas,6000000-6999999
c6c9b90f5ac2,30-39,Centro,Negocios y finanzas,2000000-2999999
9589902aa11f,60-69,Antioquia,Salud y educación,4000000-4999999
d12ee62670e1,40-49,Antioquia,Negocios y finanzas,3000000-3999999
fb1bb94eaeb3,60-69,Antioquia,Salud y educación,2000000-2999999
8028682be038,40-49,Antioquia,Negocios y finanzas,3000000-3999999
18ea54364f4b,60-69,Caribe,Negocios y finanzas,3000000-3999999
e5de4f01d52f,20-29,Caribe,Salud y educación,1000000-1999999
af2c556ec0c9,60-69,Antioquia,Salud y educación,4000000-4999999
9e4865ca3961,20-29,Antioquia,Salud y educación,2000000-2999999
f878e6de0692,20-29,Antioquia,Tecnología e ingeniería,4000000-4999999
703ca1c7f875,20-29,Centro,Negocios y finanzas,4000000-4999999
536fc3f2ba49,30-39,Antioquia,Salud y educación,2000000-2999999
e80acbb8e8e1,30-39,Antioquia,Negocios y finanzas,4000000-4999999
24271cf50878,30-39,Antioquia,Tecnología e ingeniería,2000000-2999999
d834130b0531,60-69,Antioquia,Tecnología e ingeniería,3000000-3999999
af108f2aa6e4,60-69,Antioquia,Negocios y finanzas,4000000-4999999
c9c878c6b6c1,40-49,Antioquia,Negocios y finanzas,2000000-2999999
c6175a5562df,20-29,Antioquia,Tecnología e ingeniería,3000000-3999999
605cc5068822,40-49,Pacífico,Negocios y finanzas,3000000-3999999
cc1d1a3e3ce7,60-69,Centro,Salud y educación,3000000-3999999
37aca6866f9b,50-59,Antioquia,Negocios y finanzas,3000000-3999999
b2e307f4b817,20-29,Antioquia,Tecnología e ingeniería,3000000-3999999
1f99be91e892,40-49,Centro,Salud y educación,6000000-6999999
d1ffc4a0f1d8,30-39,Antioquia,Tecnología e ingeniería,6000000-6999999
b55a94d4f49c,20-29,Antioquia,Negocios y finanzas,3000000-3999999
2d7ca47627ef,20-29,Antioquia,Salud y educación,4000000-4999999
d508c925bf0c,50-59,Eje Cafetero,Negocios y finanzas,2000000-2999999
e35179652d7a,50-59,Caribe,Negocios y finanzas,3000000-3999999
36ed2da1b7be,30-39,Antioquia,Tecnología e ingeniería,2000000-2999999
51227bb5246c,30-39,Antioquia,Negocios y finanzas,3000000-3999999
02efc3abffd1,20-29,Centro,Tecnología e ingeniería,4000000-4999999
f1f351621a45,20-29,Antioquia,Negocios y finanzas,2000000-2999999
b27a0af0924b,50-59,Centro,Salud y educación,3000000-3999999
c668fc8ecce9,50-59,Antioquia,Negocios y finanzas,3000000-3999999
7bc3cad11f11,50-59,Antioquia,Tecnología e ingeniería,2000000-2999999
48863ab485cd,40-49,Caribe,Negocios y finanzas,3000000-3999999
4bd124fe7b6a,50-59,Centro,Negocios y finanzas,4000000-4999999
535181e7cc89,20-29,Eje Cafetero,Tecnología e ingeniería,3000000-3999999
f4052a18b2e0,30-39,Centro,Negocios y finanzas,3000000-3999999
a99db046ca95,40-49,Antioquia,Negocios y finanzas,3000000-3999999
c6ac44dc1656,20-29,Antioquia,Tecnología e ingeniería,3000000-3999999
960c629f7a44,20-29,Centro,Tecnología e ingeniería,2000000-2999999
c31e78c03e7f,20-29,Centro,Negocios y finanzas,3000000-3999999
81d40e5d25b2,40-49,Pacífico,Negocios y finanzas,7000000-7999999
d2c3f941a370,50-59,Caribe,Negocios y finanzas,4000000-4999999
d814b0e24fd0,20-29,Pacífico,Negocios y finanzas,2000000-2999999
89614791d270,30-39,Antioquia,Negocios y finanzas,5000000-5999999
c4974f1a6890,50-59,Eje Cafetero,Salud y educación,3000000-3999999
8d15e5090966,50-59,Antioquia,Negocios y finanzas,6000000-6999999
1c7a015ec520,60-69,Antioquia,Tecnología e ingeniería,2000000-2999999
c64cda7974e3,20-29,Antioquia,Negocios y finanzas,2000000-2999999
a4be2d0f77c9,60-69,Antioquia,Negocios y finanzas,3000000-3999999
e0c934a165a9,20-29,Antioquia,Negocios y finanzas,2000000-2999999
97c3b23ea956,20-29,Centro,Salud y educación,3000000-3999999
dfc923b78966,50-59,Centro,Negocios y finanzas,7000000-7999999
85c171b16418,50-59,Caribe,Salud y educación,4000000-4999999
3dc8380df85d,40-49,Centro,Negocios y finanzas,3000000-3999999
6799c9b12a5b,40-49,Antioquia,Tecnología e ingeniería,3000000-3999999
9b5c4578cf26,30-39,Antioquia,Salud y educación,4000000-4999999
db9c5f2e62da,40-49,Antioquia,Tecnología e ingeniería,8000000-8999999
e25eed15508f,50-59,Antioquia,Negocios y finanzas,2000000-2999999
e72a17a1db01,50-59,Antioquia,Negocios y finanzas,5000000-5999999
ffff13190e89,20-29,Antioquia,Salud y educación,2000000-2999999
a525e8a3726f,20-29,Antioquia,Salud y educación,1000000-1999999
a06e54afec0a,50-59,Antioquia,Negocios y finanzas,4000000-4999999
ceccef8f8111,50-59,Antioquia,Negocios y finanzas,7000000-7999999
c10a9f6aeb18,30-39,Antioquia,Negocios y finanzas,2000000-2999999
fdd432b23a43,20-29,Centro,Salud y educación,3000000-3999999
4a1e1386466a,20-29,Antioquia,Negocios y finanzas,2000000-2999999
87b6cd102f4d,60-69,Antioquia,Negocios y finanzas,3000000-3999999
48c6719a3a18,60-69,Antioquia,Salud y educación,5000000-5999999
6a3d10fe516e,50-59,Pacífico,Negocios y finanzas,3000000-3999999
7494315c6273,20-29,Eje Cafetero,Tecnología e ingeniería,3000000-3999999
e5adc9b83777,40-49,Antioquia,Negocios y finanzas,2000000-2999999
74665563b028,30-39,Antioquia,Negocios y finanzas,2000000-2999999
499887325956,20-29,Caribe,Negocios y finanzas,2000000-2999999
91c2a0f6d9c7,20-29,Eje Cafetero,Negocios y finanzas,4000000-4999999
da80e558db41,20-29,Pacífico,Negocios y finanzas,2000000-2999999
c93be9043e32,60-69,Caribe,Negocios y finanzas,2000000-2999999
f4b248c4d191,40-49,Antioquia,Tecnología e ingeniería,5000000-5999999
16044cb4f435,20-29,Eje Cafetero,Tecnología e ingeniería,2000000-2999999
9b0f1f270f94,20-29,Centro,Tecnología e ingeniería,4000000-4999999
9f05928f5ce0,60-69,Antioquia,Tecnología e ingeniería,3000000-3999999
56186b31faab,60-69,Antioquia,Tecnología e ingeniería,5000000-5999999
11e28f804283,40-49,Centro,Tecnología e ingeniería,2000000-2999999
3460db79aeba,50-59,Antioquia,Negocios y finanzas,3000000-3999999
b3c3f523d9b6,60-69,Antioquia,Tecnología e ingeniería,5000000-5999999
c59de421b916,20-29,Eje Cafetero,Tecnología e ingeniería,2000000-2999999
857b07fed341,40-49,Antioquia,Negocios y finanzas,3000000-3999999
f126a88d2433,30-39,Antioquia,Negocios y finanzas,2000000-2999999
3d0b14a6cea1,30-39,Pacífico,Negocios y finanzas,3000000-3999999
def745d6d388,60-69,Caribe,Negocios y finanzas,3000000-3999999
c70a94dc4361,50-59,Eje Cafetero,Salud y educación,2000000-2999999
5574dd811c8b,50-59,Caribe,Tecnología e ingeniería,4000000-4999999
778c9eaa3dcf,40-49,Antioquia,Negocios y finanzas,4000000-4999999
0d5de7767027,50-59,Centro,Salud y educación,6000000-6999999
4d3c96d6d43e,40-49,Centro,Tecnología e ingeniería,2000000-2999999
a0db343b0240,50-59,Eje Cafetero,Salud y educación,1000000-1999999
ac3a6889acb0,40-49,Antioquia,Negocios y finanzas,1000000-1999999
cfbbfe69b648,40-49,Antioquia,Tecnología e ingeniería,2000000-2999999
965eba85b61e,50-59,Antioquia,Negocios y finanzas,4000000-4999999
2ae004602b80,30-39,Centro,Tecnología e ingeniería,2000000-2999999
793e1924f91f,20-29,Antioquia,Negocios y finanzas,2000000-2999999
e7065952a1b4,20-29,Antioquia,Tecnología e ingeniería,2000000-2999999
34f3a2e798d9,60-69,Pacífico,Negocios y finanzas,4000000-4999999
f28e64e85b57,50-59,Antioquia,Negocios y finanzas,3000000-3999999
7fc5244dc85d,50-59,Antioquia,Negocios y finanzas,4000000-4999999
093f9f19d6b2,20-29,Caribe,Salud y educación,3000000-3999999
5b2e31e9a333,30-39,Caribe,Negocios y finanzas,3000000-3999999
2c93a94a6528,50-59,Antioquia,Negocios y finanzas,4000000-4999999
8a8109d711e0,30-39,Antioquia,Negocios y finanzas,5000000-5999999
7363ad571558,40-49,Antioquia,Negocios y finanzas,3000000-3999999
770cdde7d95f,40-49,Centro,Negocios y finanzas,3000000-3999999
a657a7753ad9,40-49,Antioquia,Tecnología e ingeniería,4000000-4999999
32f9ae67059a,60-69,Centro,Salud y educación,2000000-2999999
7ec9b745084d,50-59,Pacífico,Negocios y finanzas,4000000-4999999
23b491de26d7,30-39,Antioquia,Tecnología e ingeniería,4000000-4999999
01914b3ad860,50-59,Antioquia,Negocios y finanzas,4000000-4999999
7026b18b62f9,30-39,Antioquia,Salud y educación,2000000-2999999
848096cc9e6d,50-59,Antioquia,Negocios y finanzas,4000000-4999999
6e72990f172e,60-69,Caribe,Negocios y finanzas,3000000-3999999
fbb11eb9615a,50-59,Centro,Negocios y finanzas,4000000-4999999
0f3358f5a3e4,50-59,Antioquia,Negocios y finanzas,5000000-5999999
7bddc1de4b76,60-69,Antioquia,Negocios y finanzas,3000000-3999999
2446be806f45,50-59,Antioquia,Tecnología e ingeniería,4000000-4999999
5c0e61ac8ce0,40-49,Antioquia,Negocios y finanzas,3000000-3999999
220f4d8df2d7,30-39,Caribe,Negocios y finanzas,2000000-2999999
728f1c280166,20-29,Antioquia,Salud y educación,2000000-2999999
871ce77afa17,50-59,Centro,Negocios y finanzas,3000000-3999999
a069a8f76e9e,60-69,Centro,Salud y educación,3000000-3999999
858102198a55,60-69,Antioquia,Salud y educación,4000000-4999999
22e11df86d87,40-49,Antioquia,Tecnología e ingeniería,2000000-2999999
ac96f6606a98,30-39,Caribe,Negocios y finanzas,1000000-1999999
41d9f5f88c95,60-69,Antioquia,Negocios y finanzas,2000000-2999999
083b4b4b37a0,40-49,Antioquia,Negocios y finanzas,5000000-5999999
a03e6b67bc5f,20-29,Eje Cafetero,Negocios y finanzas,4000000-4999999
202d904c589b,60-69,Antioquia,Salud y educación,3000000-3999999
b91cdcdb3f5a,50-59,Eje Cafetero,Negocios y finanzas,2000000-2999999
e80d3f19709d,50-59,Antioquia,Tecnología e ingeniería,4000000-4999999
2745a1c4f4fd,60-69,Antioquia,Salud y educación,3000000-3999999
e5bd72d129a4,60-69,Antioquia,Tecnología e ingeniería,4000000-4999999
25c1531158be,40-49,Antioquia,Negocios y finanzas,2000000-2999999
8f66546ab0b4,30-39,Centro,Tecnología e ingeniería,6000000-6999999
1120821bc2bf,50-59,Antioquia,Salud y educación,2000000-2999999
9f9ae68fc7ec,30-39,Pacífico,Negocios y finanzas,2000000-2999999
29ab005934af,50-59,Antioquia,Negocios y finanzas,4000000-4999999
d75424158772,20-29,Antioquia,Tecnología e ingeniería,2000000-2999999
ef3610a2c865,50-59,Pacífico,Negocios y finanzas,2000000-2999999
5be9e9902f05,20-29,Centro,Negocios y finanzas,3000000-3999999
4ef61601e729,20-29,Caribe,Negocios y finanzas,2000000-2999999
2c722fd0579e,30-39,Antioquia,Tecnología e ingeniería,2000000-2999999
a4e6c77b158c,50-59,Antioquia,Salud y educación,4000000-4999999
dc7185bda6c0,30-39,Pacífico,Negocios y finanzas,1000000-1999999
f48728688494,50-59,Caribe,Tecnología e ingeniería,2000000-2999999
ab2e8ac124f1,30-39,Caribe,Tecnología e ingeniería,3000000-3999999
6bf05cd79400,50-59,Antioquia,Salud y educación,2000000-2999999
817cdb230e30,30-39,Antioquia,Tecnología e ingeniería,4000000-4999999
9818a8ced0cc,20-29,Eje Cafetero,Negocios y finanzas,2000000-2999999
039404a21201,50-59,Antioquia,Salud y educación,4000000-4999999
71f436d15b92,20-29,Antioquia,Tecnología e ingeniería,5000000-5999999
ca119761e59c,20-29,Antioquia,Negocios y finanzas,3000000-3999999
4be1a3281122,30-39,Antioquia,Negocios y finanzas,3000000-3999999
b99b808e4512,30-39,Antioquia,Negocios y finanzas,3000000-3999999
82079774f45b,30-39,Antioquia,Negocios y finanzas,5000000-5999999
5275c2e456ba,60-69,Centro,Negocios y finanzas,3000000-3999999
a933a08d018c,50-59,Centro,Negocios y finanzas,4000000-4999999
86b8a0602594,40-49,Antioquia,Negocios y finanzas,6000000-6999999
c23fdd6fa1e4,40-49,Eje Cafetero,Tecnología e ingeniería,1000000-1999999
85f19511206e,30-39,Antioquia,Negocios y finanzas,2000000-2999999
44f9bdcac474,50-59,Eje Cafetero,Negocios y finanzas,4000000-4999999
6e66012bab06,20-29,Antioquia,Negocios y finanzas,3000000-3999999
33930a98fabb,40-49,Antioquia,Tecnología e ingeniería,3000000-3999999
59b965d761a7,30-39,Antioquia,Salud y educación,1000000-1999999
7a6972fa728a,40-49,Centro,Tecnología e ingeniería,6000000-6999999
b1c7402d047c,30-39,Antioquia,Tecnología e ingeniería,3000000-3999999
cef0f965ecf3,50-59,Antioquia,Salud y educación,3000000-3999999
604a69ea8a97,30-39,Antioquia,Negocios y finanzas,1000000-1999999
aa8f5eea7d7a,20-29,Antioquia,Tecnología e ingeniería,2000000-2999999
3ddeb8ff7619,20-29,Pacífico,Negocios y finanzas,3000000-3999999
9400033b6f42,20-29,Antioquia,Negocios y finanzas,3000000-3999999
a406470b49ee,20-29,Pacífico,Negocios y finanzas,3000000-3999999
859e9044cf5a,50-59,Eje Cafetero,Negocios y finanzas,4000000-4999999
50251680a4cd,20-29,Antioquia,Negocios y finanzas,4000000-4999999
08b51bd11dd8,20-29,Antioquia,Negocios y finanzas,3000000-3999999
14ad9f62ce78,20-29,Antioquia,Negocios y finanzas,3000000-3999999
18cd0dcae15f,20-29,Antioquia,Negocios y finanzas,2000000-2999999
8763a15b9650,60-69,Antioquia,Negocios y finanzas,5000000-5999999
2710176d32df,30-39,Centro,Negocios y finanzas,3000000-3999999
152a93c43502,50-59,Centro,Negocios y finanzas,6000000-6999999
27d544e8e563,40-49,Centro,Tecnología e ingeniería,5000000-5999999
ffe76f95bae5,30-39,Antioquia,Salud y educación,2000000-2999999
8819a99e9d34,20-29,Eje Cafetero,Negocios y finanzas,1000000-1999999
3a71f5c6bc79,30-39,Antioquia,Negocios y finanzas,2000000-2999999
6e98b0669d2d,40-49,Antioquia,Salud y educación,1000000-1999999
30bcb584a6bf,30-39,Antioquia,Tecnología e ingeniería,4000000-4999999
3c7fb52b202d,60-69,Antioquia,Tecnología e ingeniería,5000000-5999999
41d2f8960ae5,40-49,Antioquia,Negocios y finanzas,4000000-4999999
c0ec01be4486,20-29,Caribe,Negocios y finanzas,4000000-4999999
80bad6f57d3a,20-29,Centro,Tecnología e ingeniería,4000000-4999999
3cc130ffde9a,50-59,Antioquia,Salud y educación,2000000-2999999
366fe4b1b349,60-69,Antioquia,Salud y educación,4000000-4999999
189c54f09a17,60-69,Centro,Negocios y finanzas,6000000-6999999
0d4209c3e45e,20-29,Antioquia,Tecnología e ingeniería,3000000-3999999
921182f5f6e2,50-59,Eje Cafetero,Negocios y finanzas,6000000-6999999
bd1ecc026e43,40-49,Antioquia,Negocios y finanzas,3000000-3999999
d1c7670c7f39,60-69,Antioquia,Salud y educación,2000000-2999999
bfe33fa21e30,50-59,Antioquia,Tecnología e ingeniería,5000000-5999999
5e0dd55a8129,40-49,Antioquia,Negocios y finanzas,5000000-5999999
5ca59b81df9b,20-29,Centro,Negocios y finanzas,1000000-1999999
22be1cdbf53c,50-59,Caribe,Tecnología e ingeniería,4000000-4999999
6963ea265968,30-39,Antioquia,Negocios y finanzas,3000000-3999999
e9d7a74dd7b0,40-49,Antioquia,Negocios y finanzas,2000000-2999999
6951bb31ef33,30-39,Centro,Negocios y finanzas,4000000-4999999
ef92807402dd,40-49,Centro,Tecnología e ingeniería,2000000-2999999
4b096be21343,60-69,Pacífico,Negocios y finanzas,2000000-2999999
b9481f53f70c,20-29,Eje Cafetero,Tecnología e ingeniería,4000000-4999999
d27ac0838658,60-69,Antioquia,Negocios y finanzas,4000000-4999999
4d60b7ae1920,60-69,Centro,Salud y educación,3000000-3999999
0b3829028449,50-59,Eje Cafetero,Negocios y finanzas,2000000-2999999
3c58f12e1872,40-49,Antioquia,Salud y educación,4000000-4999999
8c77e2fd3636,40-49,Antioquia,Negocios y finanzas,4000000-4999999
aad1d25973bf,50-59,Antioquia,Negocios y finanzas,4000000-4999999
6ddb3259cb77,60-69,Antioquia,Tecnología e ingeniería,5000000-5999999
a989631d84fd,50-59,Antioquia,Salud y educación,4000000-4999999
f93d4ffcdb7d,30-39,Antioquia,Negocios y finanzas,3000000-3999999
d1c1ab147015,60-69,Antioquia,Salud y educación,5000000-5999999
1a3774365a6b,30-39,Centro,Tecnología e ingeniería,3000000-3999999
064c2041cf36,40-49,Antioquia,Salud y educación,4000000-4999999
48a2b300f337,20-29,Eje Cafetero,Negocios y finanzas,1000000-1999999
bee421de9152,40-49,Antioquia,Negocios y finanzas,4000000-4999999
430425a35aab,50-59,Caribe,Salud y educación,3000000-3999999
c0df102c79a9,20-29,Pacífico,Negocios y finanzas,3000000-3999999
244d42dde930,50-59,Antioquia,Negocios y finanzas,4000000-4999999
ca33fd466cac,60-69,Antioquia,Negocios y finanzas,6000000-6999999
f333362c9956,20-29,Antioquia,Negocios y finanzas,1000000-1999999
51d04d7f8531,50-59,Caribe,Tecnología e ingeniería,3000000-3999999
6680600714a3,50-59,Antioquia,Negocios y finanzas,3000000-3999999
2d349bbf4897,50-59,Antioquia,Tecnología e ingeniería,2000000-2999999
a98267808bab,40-49,Eje Cafetero,Tecnología e ingeniería,2000000-2999999
882925715cb0,50-59,Antioquia,Negocios y finanzas,4000000-4999999
9b5c70bfda28,30-39,Antioquia,Tecnología e ingeniería,2000000-2999999
adf0464693bf,30-39,Centro,Tecnología e ingeniería,2000000-2999999
fc5bfcb525ef,40-49,Centro,Negocios y finanzas,2000000-2999999
e9f37205c3af,20-29,Antioquia,Negocios y finanzas,2000000-2999999
b24ac08b1c1d,50-59,Antioquia,Salud y educación,2000000-2999999
a735b7e48580,20-29,Antioquia,Tecnología e ingeniería,4000000-4999999
91026b706279,20-29,Eje Cafetero,Negocios y finanzas,3000000-3999999
629de9ded8c1,40-49,Centro,Salud y educación,3000000-3999999
30138ea484f3,50-59,Eje Cafetero,Salud y educación,2000000-2999999
349009bd782b,50-59,Caribe,Negocios y finanzas,6000000-6999999
06648da205b6,60-69,Centro,Salud y educación,3000000-3999999
e93c7fb6a5b6,40-49,Centro,Negocios y finanzas,2000000-2999999
d5e957d0aca8,50-59,Antioquia,Tecnología e ingeniería,3000000-3999999
dd80af5dc4d3,40-49,Centro,Salud y educación,4000000-4999999
90d2ea9c173c,20-29,Antioquia,Salud y educación,2000000-2999999
0e01263a64df,20-29,Antioquia,Negocios y finanzas,6000000-6999999
5c4f8f76959e,30-39,Centro,Tecnología e ingeniería,4000000-4999999
4ffa1d40e9f6,50-59,Caribe,Tecnología e ingeniería,4000000-4999999
66b0744f3036,30-39,Caribe,Negocios y finanzas,3000000-3999999
